9,安装 配件 太贵 支架 80 块 挂钩 50 块 接头 20 好多个 五金店 贵 好几倍 装好 300
17,未 安装 知名品牌 还好
21,热水器 不错 安装 师傅 材料费 好贵
26,东西 没用 东西 没用 东西 没用 东西 没用 东西 没用 东西 没用 东西 没用 东西 没用 东西 没用
34,bbc 草草 草草 草草 草草 草草 草草 草草 草草 草草 草草 草草 草草 草草 草草 草草 草草 草草 草草 草草 草草 草草 草草 草草 草草 草草 草草 草草 草草 草草 草草 草草 草草 草草 草草 草草 草草 草草 草草 草草 草草 草草 草草 草草 草草 草草 草草 草草 草草 草草 草草 草草 草草 草草 草草 草草 草草 草草 草草 草草 草草 草草 草草 草草 草草 草草 草草 草草 草草 草草 草草 草草 草草 草草 草草
42,热水器 挺 安装 人员 地道 明明 热水器 包装 里 垫片 收费 装完 收拾 发现
48,京东 服务 太 差
50,好用 没买 遥控
57,半个世纪
64,发货 倒 挺 委托 物流 送货员 不称职 货 甩 圆通 快递 语 打电话 问 说 十个 对不起 还好 检查 热水器 包装 勉强
66,机器 烧热 一会 热水 怎么回事
71,好用 物有所值
90,装上 没用
105,安装 师傅 认真负责 价格 透明 加热 速度 很快 保温 确实 差劲 不到 小时 水温 降 一半 真心 感到 失望
149,没装
161,热水器 牌子 省心
175,安装 贵 三角 阀麦 50 元 你家 黄金 八辈 祖宗 土匪 抢劫 出身 乱七八糟 300 块 电话 回访 屮
176,热水器 热得 很快 第二天 装上 收费 230 元
185,n n
192,热水器 送来 有个 坑 换 新
196,80 升 没货 吊顶 实在 不到 只好 买个 60 拆包 验货 说 冰箱 电视 空调 开箱 验 不准 赶上 电网 升级 家里 电 只好 师傅 走 楼梯 80 搬运费 师傅 累 100 评价 安装 追加 评论
204,还好 没装
214,热水器 不错 安装费 贵 点
261,说 史密斯 服务 很差 态度 很差 家里 本来 不漏水 搞 漏水 说 责任 看清楚 嘴脸
271,热水器 冲着 史密斯 牌子 买 感觉 60 升 两个 人洗
276,没用 安装 只用 两百多
280,好用 问 全胆 半胆 用电
286,点火 真心 冬天 一秒钟 嫌 冷
301,确实 省 电 牌子 热水器
307,A0 史密斯 电热水器 真心
331,再评
355,安装 师傅 经验 不太够 位置 门 冲突
356,安装 师傅 特别 负责人 公司 一再 电话 回访 n 电话 回访 三次 稍微 有点烦 n 师傅 推销 两件 资费 配件 买 师傅 一点 安装 打扫 n 安装费 总计 四十二 块 忙活 半天 赚少
361,安装 管件 花 300 够 贵 热水器 钱 售后 黑
367,挺不错 安装费 太贵 质量
382,嗷嗷
383,安装费 太贵
389,热水器 性价比
394,安装费 太贵 加 100 块 远程 费 真 明白 公司 消费者 掏钱 失望
398,家里 老人 买
410,感觉 水温 恒定 不冷 一会 冷
427,坏 太快 维修 太慢 今天下午 修好 垃圾
445,装修 备货
455,真的 好好 n 真的 好好 n 真的 好好 n
458,产品 没用
459,送货 态度 不好
469,热水器 看着 很漂亮
472,很漂亮 其他费用 太贵 远程 费 材料费 加 四五百 感觉 变相 坑人
473,京東 買 東西 北京 第一次 珠海 買 東西 沒 想到 送貨 速度 還是 之快 滿意 昨天 送來 還沒安裝
502,物流 给力 送 快递 服务态度 商场 买 便宜 热水器 史密斯
512,挺好用 安装费
522,送货 速度 没用 质量
533,安装 收费 太高 500 块
541,速热 功能 挺 安装费 贵 点 几十 公分 管子 要收 250 块
553,热水器 热得快 容量
564,多字 ...........
599,史密斯 服务态度 说 网上 买 活动 价买 挺贵
611,果断 差评 电热水器 安装费 四百五十 块 买 角阀 水管 逼 客户 买 安装工人 材料 建议 购买 品牌
640,热水器 下午 刚装 晚上 好多 热水 师傅 安装 专业
642,热水器 很大 一只 80L 够 全家 操作 简单 费电 功率
647,出水 真的 很快 夏天 开速 热 半桶 三分钟 洗 洗 压力
652,挺 一下子 买 三台 客户
671,史密斯 热水器 10 年 坏 买 服务 人员 师傅 真的 差劲 差劲 差劲
672,家里 装修 提前 买 东西 发过来 撞坏 二个月 发现 退换货 完 申请 电话 客服 跟进 进度 一遍 一遍 打电话 问
679,................................................
706,热水器 买 AO 史密斯 安装 收费 费用 吐槽 快递 员 送货员 打电话 说 40 分钟 外边 办事 回到 新装修 房子 里 迟到 20 分钟 打电话 说 小区 客户 接受 体谅 嘱咐 吃 中午饭 小区 先送 我家 我家 楼 小区 入口处 迟到 半小时 打电话 先送 小区 楼 客户 讲信用 守时 体谅 快递 人员 不让 错 活该 小时 我家 人到 送 货车 停 楼门口 连人 带车 拽 空房子 里 干 饿 小时 投诉 好几遍 强词夺理 错 送货 麻烦 规划 时间 行不行
707,安装 没用 发表
710,价格便宜 量 足 n n 史密斯 安装 材料费 太贵 两百多 块 好像 n 卖 热水器 赚钱 就行了 安装 赚 一部分 n
714,担心 事 解决
716,商品质量 不错 京东 送货 速度 很快 厂家 时 安装 师傅 服务态度 太 差 很装 13 我家 电源 电源线 拉好 接 电源 接 花 几分钟 安装 师傅 耽误 时间 墙上 打孔 打透 安装 师傅 说 没带 长 钻头 难为 父母 说 加 80 块钱 弄 父母 说 50 行不行 安装 师傅 走 父母 无奈 80 块钱 欺负 老人 算 本事 厂家 打电话 投诉 凭良心说 热水器 安装 师傅 服务态度 接受 花钱 请人 安装 请 大爷 客气 当回事 投诉 安装 全 一共 花 770 算上 单独 80 元 说实话 贵 艾欧 史密斯 热水器 公司
724,老牌子 没得说
727,本来 卫生间 安装 想 退货 卫生间 80 升用 12 年 想 想 正好 买 新 换 换 完 舒服 电脑 显示 温度 不错
729,收费 不合理 贵
730,东西 安装 次 第一次 感觉 专业 安装 差点 退货 第二次 专业 服务
745,说好 双立人 刀 送
749,好用
763,热水器 很大 不愧 专业 做 热水器
782,确实 高档 气派 昨天 安装 降 200 实在 无语 一点 确实 耗电 只能 加热 半小时 承受 电费
783,很大 热水器 洗澡 够
786,热水器 真的 安装 师傅 特别 差 家里 弄 巨乱
788,说好 双立人 年 延保
805,看着 行
811,很赞 热水器 简单 好用 摇控器
825,安装 师傅 天 挺 装上 教 热水器 再也 不用 担心 煤气中毒
834,感觉
840,N 次 买 质量 过关 返修率
841,n n n 还成 服务到位
845,服务态度 东西 没用 完 评价
864,帮别人 买 ..........
868,热水器 家里 装修 安装 没用 好不好
877,下回分解
879,热水器 水热 快得多 服务
891,haohaohaohaohaohaohaohaohaohaohaohao
919,前人种树 后人 完凉 种花 n n n 手机 流量 速度 有限 n n 晒 最想 泄 压阀 流水 n n 感觉 行 有个 导流 不让 水 滴下来 不想 沿墙 流下来 定期 手动 倒掉 点 加热 泄压阀 流出 水 n n 高级 点 感觉 放到 埋进 墙 PVC 导流 软管 放到 地漏 感觉 怪怪的 n
932,还好
955,服务 真心 没得说 货 没用
961,热水器 没用过 负责 安装 师傅 态度 收费
995,买来 坏 换
1003,安装 想象 中 差点 短胖 安装 小心 碰 碰 小坑
1013,送货 上楼 废话 特别
1033,奶奶家 装修 买
1034,整机 没带 说明书 保修卡 导致 后果 接 电通 水后 未 排掉 多余 空气 导致 干烧 显示 E3 故障 提示 上网 查到 原因 包装 里 配 泄压阀 两个 挂钩 大件 东西 懒得 退来 换 嫌 麻烦 组装 上墙 启用 装 水管 接 插板
1063,东西 感觉 不错 n 可惜 厂家 改道 水管 n 不好 安装 n 外面 找 好多 水工 n 说 设备 安装 水 管道 n 只好 退货 n 退货 服务 人员
1073,真的 好用 这是 第二次 买 家里人
1080,没用
1082,热水器 挺 电
1084,发货 挺快 没用 追评
1109,热水器 体积
1113,热水器 认 第三个
1119,差到 爆 说好 送 浴巾 送 热水器 双 11 订 送 热水器 浴巾 沟通 无数次 每次 说 送过来 大半个 见到 东西 京东 服务 办法 形容 太差 投诉 投诉 次 解决 条 浴巾 不值 几个 钱 讲个理 说好 东西 说 写
1124,单位 买 牌子
1126,操控 热得 很快 挺
1142,还好 还好 还好 还好 还好 还好 还好 还好 还好 还好 还好 还好 还好 还好 还好 还好 还好 还好 还好 还好 还好 还好 还好 还好 还好 还好 还好 还好 还好 还好 还好 还好 还好 还好 还好 还好 还好 还好 还好 还好 还好 还好 还好 还好 还好 还好 还好 还好 还好 还好 还好 还好 还好 还好 还好 还好 还好 还好
1149,安在 卫生间 超棒
1172,打电话 说 一星 差评 真的 想 说 一百元 送货 费 真的 实在 不好 谢谢
1178,送货 很快 这么久 没用 挺
1193,n n 没装
1194,zhekaungbucuo jiageshihui
1203,装修 搞完 买 装修 完 再装 物流 特快
1237,价格 贵 安装费 收 四百多 后悔 买 时 评价
1251,商品 只不过 安装 费劲 安装费 好贵 总体 感觉 还好 功能 挺 胖
1258,安装费 450 贵 材料 四百 坑
1264,商品 妹子 家里 装 本来 想 装 墙面 结构 不行 办法 安装 只好 忍痛 退货 遗憾 售后服务
1273,感觉 AO 特别 贵 特价 马马虎虎 买 一台
1279,东西 不错 关键 一点 明白 开着 浪费 电 关 开 浪费 电
1285,燃气
1292,安装 师傅 说 地漏 只好 退
1320,AO 史密斯 售后 安装 人员 态度恶劣 找 理由 不肯 安装 临走 霸气 说 打电话 投诉 预计 安装时间 晚 天不说 神经病 安装工 无力 吐槽
1362,按装 人抱 不动 装完 追评
1380,AAAAAAAAAAAAAAAAAAA
1384,公司 宿舍 里 说 还行
1387,抬上 抬 下装 半天 发票
1402,安装 牌子 错
1409,服务 有店 贵
1410,送货 原先 网页 显示 时间 慢 天 双 11 爆仓 理解 送货 师傅 不肯 送 上楼 就让 难办 妈 力气 搬 上楼 师傅 抱怨 几句 送 上楼 安装 师傅 态度 挺 安装 本来 说太忙 两天 安装 晚上 天快 黑 收 点 材料费 贵 总体 服务 赞
1421,一款 热水器 好用
1424,安装 时 花洒 位置 晕倒 花洒 挂上去 喷水 就会 淋到 热水器
1428,三星 送 完 两天 降价 价保
1430,买 不说 安装 地线 买 嫌远 不肯 找 借口 说 地线
1438,没用 价格 贵 送货 很快
1448,性价比 热水器
1468,认准 史密斯 老牌子 热水器
1476,感觉 牌子 热水器 不错 没用
1489,热水器 质量 安装 太贵
1500,安装费 贵 点
1508,师傅 挺坑 骗 买 件
1511,帮 家人 买 一款 热
1512,.........................................
1514,送货 不知 质量
1519,60 升 好彩 买 80 升 退货
1564,热水器 牌子
1574,质量 一如既往 家里 买
1584,老牌子 用用
1586,热水器 质量 肯定 价格 摆着 售后 收钱 原因 说 太 偏 品牌 收费
1588,体积小 热得快 声音 轻
1597,热水器 买 史密斯
1604,史密斯 热水器 感觉 质量
1605,挺 失望
1612,牌子 买回去 安装 省心 后悔 配件 掏钱 买 安装 麻烦 死人
1645,家里 刚刚 安装 史密斯 热水器 听说 送 水壶 晒
1652,斯密斯 热水器
1653,热水器 洗澡
1667,宝贝 试过 装 楼 水压
1676,东西 送货 迟到 一个多 小时
1677,热水器 性价比 高
1680,想象 一点 大小 家里 远 动手 安装 一会 挂 烧水 速度 挺快 暂时 没用 洗 多久 过后 追评
1700,想像中
1743,插座 纠结 两天 一段时间 不错 电 费用
1748,热水器 调节
1753,装修 备货 ---------------------
1760,家里 史密斯 热水器 很多年 坏过 热水 买 箱子 里 全配 花洒 花洒
1765,..........
1772,速热
1781,快递 员 送 上楼 给力
1786,没用 行 试 行
1792,尼 玛 写 半天 写给 赠品 浴巾 发 家里 AO 史密斯 热水器 老家 父母 燃气 热水器 坏 十多年 没用 天然气 液化 石油气 买个 电热水器 省事 东西 出人命 目前为止 电热水器 买 AO 史密斯 专注 品牌 做 东西 质量 可靠 n n 情况 双胆 加热 相对来说 更省 电些 60L 东北 冬天 得开 水流 建议 东北 80L
1796,热水器 没用 商家 售后 力 安装 给力
1798,老妈 买 说 挺
1802,暂时 没用 家里 装修 上门 安装 快递 很快 服务态度
1820,昨天早上 送货 今天下午 安装 晚上 洗澡 没话说 想 买 热水器 赶紧 下手
1828,送货 速度 真心
1833,送货 师傅 审核
1835,刚刚 热水器
1840,热水器 父母 挺
1845,不好 不好 超级 不好 收到 货 安装 师傅 辛辛苦苦 安装 坏 压根 工作 师傅 超级 负责 态度 超好 技术 精熟 份 铁定 差评 浪费 白天 时间 师傅 半天 时间 麻烦 师傅 跑来跑去
1849,自提 发现 石家庄 大库 真的 很大 库存 给力
1871,挺好用 .....
1884,暂时 发现
1893,水温 控制 舒服
1898,热水器
1902,快递 师傅 扛 楼 怨言 态度 超好 热水器 开箱 安装 时 开
1906,家里 卫生间 买
1914,热水 很快 夏天 烧好 一桶 够 好几个 人用
1917,真的
1936,刚装 试 感觉 挺
1945,很棒 热水器 强
1953,热水器 安装 只收 60 管子 钱
1959,质量 一会 热 很快
1980,短粗 型 热水器
1982,暂时 想 试试 感觉
2000,新房子 装修 中 没用 过后 评价
2016,搞 活动 买 没用 不知 质量
2020,热水器 史密斯
2021,只能 说
2022,很棒 热水器 史密斯
2029,asdasdwdsadwaasdwdsadw
2039,亲戚 朋友 史密斯 热水器 说 挺好用
2042,安装 费用 贵 星
2076,半个世纪
2084,搞 活动 真的 便宜 热
2093,送货 速度 很快 安装 块 感觉 安装费 贵 点 明码标价
2111,没用 说 .....
2132,师傅 水温 稳定 热水器 热水器 一如既往
2133,热水器 装 棒极了
2149,服务 行 十来天 漏水 派
2150,热水器 安装费 一点 贵
2167,家里 父母 家装 退
2176,cfhjnhfd
2196,摇控 多点 钱要 买 摇控 后悔
2198,家里 买 n
2199,热水器 服务 师傅 非常感谢
2206,厕所 卫生间 空间 太小 装不下 史密斯
2211,看着 几天 发现 洗澡 温度 下降 挺快
2220,挺好用 还会 买
2228,妈妈 妈 电器 想 半个世纪
2235,没用
2238,机器 安装 时 辅材 收费 太高 卖 机器 卖辅材
2241,售后 安装 效率 态度 真的 买 热水器 史密斯
2281,安装费 太贵 热水器
2292,老牌子 信 单位 买 没用
2304,史密斯 热水器 热水器 中 战斗机
2327,没用 活动 先 囤货 回头 追加
2335,挺 发现
2349,恒温 真的 不错 五天 回来 三十多 度
2356,快递 速度 服务态度 产品质量
2369,服务 花点 钱
2376,点 热水器 史密斯 名牌 买 买
2381,没用 评价
2392,史密斯 真的 售后服务 挺
2397,刚装 没用
2400,感觉
2403,安装费 太贵 300
2411,家里人 说
2426,没用 装修 速度 服务
2431,买
2436,热水器 安装 材料费 好贵 家花 800 不算 拆 吊顶 改线 费用 装好 说
2451,J8 玩意儿 到货 降 100 块 太 垃圾 价格 忒 不靠 谱
2453,一款 热水器 贵 点
2456,送货 要赞 完 售后 第二天 装 收费
2462,买来 坏 售后 安装 发现 坏 说 换货 n 安装费 安装费 n 这回 下次 安装费 n
2476,奇怪 热水 输出 率 阿里斯顿 海尔 低
2477,真的
2480,挺 挺快 上午 送 下午 装好
2481,牌子 贵 一倍 不太值
2529,热水器 水量 很大 够 全家人 速热 太好了
2540,家里 装修 刚装 没用
2546,刚装 师傅 说 中奖 电路板 坏 语 说换 ....... 等待 中 .......
2549,挺好用 挺好用 挺好用 挺好用 挺好用
2555,款 热水器 装上去 很大 加热 速度 出水量 很大 安装 材料费 50 元 远程 费 真的 不好
2558,没用 希望
2562,帮 同事 买
2577,送货 预约 安装 热水器 没用
2582,插座 看不出
2600,热水器 上门 安装 收费 不怎么样
2605,装好
2644,一如既往
2653,未 追评
2654,加热 个头 适合 我家 小户型 安装 师傅 还给 我省 钱
2658,省 电 实用性 号 贵
2661,还行 还行 还行 还行
2671,加热 很快 再也 太久
2682,热水器 占 地方 顶子 里装 一小部分 安装 师傅 收费
2706,挺 送货 没用 好用 不好
2715,送货 速度 安装 材料 贵 建议 事先 网上 买好 活接 三角 阀 活接 若干 安装工人 龙胜 网上 买 PPR 水管 情况 长度 取水 水 管接头 热水器 距离 两倍 材料 安装工人
2721,热水器 安装 师傅 打洞 塑料袋 地面 脏 装 晚上 十点 半多 急躁 告诉 热水器 加热 十分钟 30 多度 47 度
2739,老款 机械 版 行
2749,东西 不错 价格 快递 小哥 送货 告诉 送 浴巾 弄 丢 郁闷 着急 退货 希望 解决 纠缠 毛巾 说好 算 话
2750,架子 200 安装费 贵 便宜
2752,送货 师傅 说 长得 很帅 热水器 没用 有待 考量
2768,安装 退货 AO 史密斯 师傅 真不错 半天 主意 还试 半天 不像 海尔 安装 师傅 箱子 拆 办法 不想 说 太 勉强 估计 安不上 拉走
2787,热水器 不错 安装 人员 专业 负责 物流 搞 郁闷
2789,水 温度 准确
2790,速热 挺好用 60 升 体积
2802,装上 没用
2820,没用 牌子 听说 史密斯 售后
2829,通了 电 没试 水
2834,浴巾 没送
2839,线 不通 师傅 安装 淋浴 喷头
2845,给力 给力 给力 给力 给力 给力
2848,肚子 鼓鼓的
2851,送货 没得说 质量 一有 换货 慢 牛 好歹 上市公司 售后 搞
2852,房子 装修 中 外形 不太 满意 短粗 建议 买长 一点 好些
2874,爸妈 买 卫生间 装修 用后 追加
2882,史密斯 热水器 质量 无可挑剔
2905,热水器 热水 热 很快 全家 三人 洗完 水温 60 度 安装 材料费 400 元 贵 n n
2925,热水器
2931,热水器 出水量 很大 感觉 水压 洗澡 舒服
2934,没用 上门 安装 师傅
2936,热水器 挺 安装费 太贵 比装 空调 贵 装 空调 生命危险 一身 汗 一百多 热水器 贵 特意 买 个角阀 200 块钱
2937,不错 买 机械 大部分 情况 不用 调节 无聊 功能 没用 价格便宜
2941,装 未 开 挺不错 材料费 贵
2952,装好 没用 师傅 服务
2963,安装 师傅 收费 过高 热水器 2300 安装费 500 太坑
2964,史密斯 热水器 质量 超好
2965,没用
2998,快递 服务 热水器 没用 用后 追加
3000,终于 史密斯 热水器
3004,还木有 装修 未裝
3007,安装 费用 百多 心疼
3011,热水器
3023,占 空间 很小 看重 一点
3025,包装 完好 上门 安装 师傅 态度 进门 自带 鞋 套套 倒杯水 一再 拒绝 材料 一点 露出 神态 一再 关照 装 管子 要放 热水器 里 气 通电 烧水 热水器 只用 短 时间 水温 烧 度 一点 不太好 关掉 水温 用水 时间 长 热水 多久
3049,只得 热水器
3075,送货 太 麻烦 地方 找 不到 车子 停 远 接
3093,hhhhhhhhhhhhhhhhhhhhhhhhhhhhhhhhhhhhhhhhh
3110,牌子 稍微 安装 费劲
3115,不好 牌子 不用
3134,牌子 师傅 负责 试
3145,家里 地方 装 能装下 安装费 330
3146,暂时 发现 不良现象
3149,安装费 太贵
3162,史密斯 热水器 热 特别
3214,买 一台 电热水器 一台 燃气 热水器 感觉
3225,买 没货 水量 够用 热
3226,特意 买 机械 主板 AO
3249,热水器 加热 速度 声音 比较满意
3254,热水器 挺 送货
3292,听说 史密斯 热水器 一辈子 打算 试试
3324,买 没说 不好
3329,热水器 不错 速热 质量 安装 师傅 热情 物流 送货 太慢 答应 十二点 一托 拖 三点 半才 太 守时
3345,赶上 优惠活动 一款 热水器
3358,小是 直径 点 家里 放
3392,师傅 超好 耐心 煤气 热水器 龙头 改造 电热水器 材料 买 怨言
3394,热水器 安装 效果图
3403,质量 过得硬 硬 硬
3417,赶上 活动 买
3431,没用 装上
3434,交了 400 材料费 没用 不错
3458,經安裝 完畢
3471,顶顶顶 顶顶顶 顶顶顶 顶顶顶 顶顶顶 顶顶顶 顶顶
3487,烧 时间 长 后悔 买电
3511,家里 牌子
3531,冲着 牌子 家里 这款
3538,质量 没用 先 晒晒
3605,热水器 师傅
3655,热水器 我家 搬家 买 牌子 放心
3666,空间 利用 热水器 适合 小户型 户型 卫生间 房子
3667,给力 热水 洗 舒服 加热
3690,热水器 加热 说 10 分钟 洗澡
3705,感觉 安装费 300 贵
3718,热水器 水量 很大 安装 费用 高 随便 几根 管子 收取 三百多元 郁闷
3723,热水器 我家 奥特朗 热 太 费电 买 史密斯 失望 省 电 15 分钟 60 度 安装 混 水阀 材料 太 次 噪音 换 九牧 完美
3729,行 开 专用发票 麻烦
3747,有没有 试
3752,ooooooooooooooooooooooooooooooooooo
3760,刚买 完 降价 300 真吭
3761,没用 感觉 不错 n n
3764,先不说 热水器 服务态度 太好了 冷天 门口 半小时 见到 我后 半点 怨言 依旧 真心 出谋划策 下次 还选
3771,买 ao 热水器 送 浴巾 质量 一般般 n
3775,帮 朋友 买 说 还好
3777,发现 安装费 实在 太贵 800 多块 超乎 想象 评论 中 24 小时 热水 基础 加装 安装费 离谱 不买
3786,昨天 刚装 第一次 打电话 说 明天 来装 没人来 装 第三天 打电话 说 任务分配 错 昨天 装好 说 免费 材料费 太贵
3794,产品质量 有待 可恶 上门 安装 服务 太差 预约 迟迟 不见 一怒之下 安装 .... 挥一挥 锤子
3828,牌子 没用
3833,挺好用
3843,墨迹 天 火 弄 机器 力
3844,热水器 真的 挺不错 水压 出水
3849,太难 安装费 贵 离谱
3853,热水器 一如既往
3862,发票 安装费 材料费 太高 收 钱 说 天送 发票 一去 回头 骗子
3871,售后服务 收费
3876,送货 服务 不好 听 难听 物流 死 天经地义
3877,收 两个 阀门 钱 早说 市场 买
3879,送货 运送 过程 失误 水箱 一侧 瘪 一块 影响 换 东西 还行
3881,美中不足 起码 网上 说 材料费 路费 安装 免费 材料 收费 说
3885,热水器 热水器 热水器
3893,买 热水器 要选 史密斯 物有所值
3895,这是 不太 愉快 购物 说 热水器 刚装 减压阀 流水 滴水 说 水压 水压 水 管接头 渗水 装 两天 搞好 说 是因为 水压 罐子 渗 管子 不渗 金属管 渗 说 渗水 塑料管 换成 金属管 换成 左邻右舍 电热水器 我家 水压
3899,买 热水器 吊顶 装好 冷热水 口 固定 师傅 变 几次 颈 装上
3912,好大 烧 半桶
3913,打牌 打牌
3915,行 热 水 洗 就行了
3918,热水器 老牌子 行
3921,安装 师傅 太特 差劲 买 两台 第一次 安不买 喷头 装 不好 第二次 每台 安装 零件 320 元 买 喷头 说 地区 零件 第二家 卖 打电话 投诉 安装 师傅 开 零件 清单 实体店 找人 用不上 刚刚 安装 完 零件 买 不到 100 块钱
3925,不好 不好
3928,不到 半年 报废 拖 把头 底盘 内部 破裂
3930,感觉 行 一段时间
3932,好用 热水器 上次 京东 商城 买 阿里斯顿 太 上次 阿里斯顿 两年 坏 修 上次 热水器 加热 太慢 安装费 太贵 说 免费 安装 只收 材料费 材料 买贵 好几倍 花 多太黑 修 保修 一年 修 新 热水器 钱 买 安装 安装 电话 不通 着急 安装 一分钱 花
3933,阿里斯顿 安装 电话 不通 着急 安装
3934,送货 挺快 京东 差劲 屏蔽 信息 不让 做 评论
3958,没用 等待 中
3965,电热器 看着 快递 准时 说好 16 号 16 号
3968,第二次 史密斯 热水器 始终 失望
3990,店里 便宜 送货 挺快 没用
3991,安装 比苏 SN 要贵 一点 下次 SN 不让 屏蔽
3995,没用 两个 够用
4010,追评
4012,安装费 三百 实在 贵 市场 太 混乱 安装 人员 素质 低 特别 看人行事 只想 挣钱 热水器
4031,没装 肯定 n
4050,看着
4062,说好 浴巾
4068,担心 外国 牌子 安装 证实 想
4070,价格合理
4071,第三次 买
4078,没用 评价
4093,看着 安装 材料费 太贵 太贵 强烈建议 安装 材料费 调整
4105,20 分钟 热水
4110,一如既往 号
4119,热水器 不错 安装 乱收费 装装 投诉
4123,质量 热水器 家里 买 第二天 史密斯
4124,品牌 质量 售后 安装 实在 太 差 态度 差 大爷 投诉 差评
4133,.............
4141,确实 省 电 后悔 没卖个 大点 冬天 水
4143,挺好用
4153,安装费 接近 400 小贵 实体店 谈好 估计 价了 热水器 好用 说
4158,装上 未 评价
4181,买 两个
4186,东西 力 安装 太 坑人 东西 装 不装 试 强盗
4193,刚装 看着 挺不错 不知
4196,几好 挂 仲未装
4205,赠品 污点
4216,号
4226,挺不错
4228,热水器
4272,热水器 售后 人员 耐心
4286,第二台 1858 买 第一台 年 坏
4292,热水器 服务周到 配件 贵
4306,用过
4310,暂时 发现 师傅 仔细
4311,装修 没完 热水器 挺 漂亮 安装 师傅 认真负责
4312,出水 效率高 点火 功能齐全
4313,史密斯 热水器 不错 承重墙 师傅 挂 支架 弄 半天 攒 师傅 服务态度
4324,热水器 容量 卖家 服务周到 打电话 售后 询问
4325,热水器 容量 卖家 服务周到 打电话 售后 询问
4363,ET300J 50 电热水器 50 升
4364,挺 热 挺快
4371,....................
4382,房子 牌子 换 房子 史密斯
4390,家里 买 认准 牌子
4394,用过 史密斯 热水器 新房 装修 还选 史密斯 热水器
4414,安装 先 告诉 钱 安装费 真 坑人
4421,遥控 老人
4425,未 安装 不知 好不好
4451,热水器 搞 活动 买 听说 电热水壶 送 等待 中
4486,刚装 试了试 挺好用
4515,热水器 上门 安装 给力
4516,前天 订 昨天 装 n 爽 n
4520,装修 完 看着 挺不错
4532,热水器 买 台
4536,做工 细节 国产品牌 一分钱 一分货 钱 省 国产品牌 热水 坏 怒 买
4537,行
4552,亲戚 装修 买 牌子 家
4556,给力
4577,代 买 不好 评论
4580,东西 价格 安装 师傅 负责 家里 电路 不行 说 换 电路 只能 退货 老房子 水管 电路 额外 找 电工 管工 弄 环境 检查 合格 安装 满意
4582,安装费 太贵
4589,goodgoodgoodgoodgoodgoodgood
4592,国际品牌 说 安装 装修 原因 几根 管子 错 安装 师傅 耐心 热心 重新安装 态度
4594,父母 家里 买 没什么 挺
4597,送货 安装 挺 没用
4601,机 不错 安装 材料 太 坑人 贵到 吓人 报 价格 398 元 说 混水 专用 五金店 说 不合 叼 报百来 块 算 太过分 气不过 帮 机装 墙头 走 配件 买 全铜全 不锈钢 150 元 搞掂 超有 成就感
4610,热水器 几天
4615,帮人 买 暂时 没什么
4616,热水器 送货 快点 更好
4663,产品质量
4674,安装 没用
4676,一波三折 坏 两次
4703,史密斯 海尔 方太 老板 好太多 这辈子 买方 太和 老板 服务 太 差
4705,haohaohaohaohaohaohaoahohaohao
4709,安装 师傅 差劲
4757,安装费 贵 支架 加 减压阀 600 师傅 服务态度 真的
4768,好用 热水
4779,好用 热水器 认准 牌子
4797,yongzhebucuo jiushianzhuangfeitaigui
4798,热水器 材料费 贵 还好
4801,第二次 买 热水器
4808,房子 装修 完再
4812,刚装 说
4813,热水 夏天 十分钟
4851,箱子 坏 箱底 泡沫板 烂 热水器 进水口 水锈 水在 这是 回事儿
4856,设置 温度 不用 打开 自动 加热
4862,还好 体积 较大 感觉
4864,冲着 牌子 帮 朋友 带买 遗憾 没花 洒 情况
4879,热水器 挺 实体店 便宜 安装费 贵 建议 配角 阀 省 钱
4893,帮 订
4895,声明 热水器 不错 京东 垃圾 n 无耻 京东 无耻 客服 一家 店子 客户 收到 货 情况 自动 客户 确认 收货 超期 情况 客户 自动 确认 收货 天 自动 确认 买个 电视 没收 到货 不到 天 自动 确认 客服 说 情况 投诉 星期 解释 确认 收货 解释 货去 电视 不见 不要脸 天天 说 24 小时 回电 忽悠 破 店子 拖 解决 屏蔽 天 CAT 差 十万八千里 至少 负责 至少 超期 情况 下替 客户 确认 收货 天 CAT 买 鸟店 子 无耻 购买 东西 确认 天 自动 确认 收货 无耻 至极
4918,送人用 送人用
4924,ao
4938,行 挺 发现 缺点
4947,没用
4960,goodgoodgoodgoodgoodgood
4964,.......................................
4968,一点 热
4981,想 买 史密斯 终于 赶上 活动
4985,还行 热水 很快
4996,上门 安装 收费 贵 亲民 更好
5005,一如既往 一如既往
5009,AO 史密斯 热水器 感觉
5019,刚刚 安上 还行 用过 一段时间
5025,热水器
5031,感觉 行 安装 完 给评
5041,东西 安装 人员 太 垃圾 本来 不用 装 架子 非 装 不装 强制 收费 安装 哄走 买个 热水器 两千多 安装 400 疯
5046,开封 后续 追评
5049,说 分
5072,热水器 加热 速度 安装费 390 挺贵 五颗星 热水器 厂家 客服 电话 客户 说 差评 太直 强迫
5082,没用 装上 希望
5084,安装 坏 屏幕显示 e7 申请 更换 麻烦 热水 不知 多久 换 想不到 中 热水器 宝马 坏
5088,牛 逼 n n n 迫害 你好 估计 金汇 路 随机性
5104,保温 很差 小时 掉 度 怀疑 产品 安装 费用 元 坑 爹 材料 太黑 商场 里 买 贵 坑坑 坑
5110,11111
5117,师傅 上门 说 收费 死活 不肯 提前 说 钱 总说 家 到家
5120,京东 说 材料 忽悠 材料费 远远 大于 京东 介绍 材料 费用 自带 挂勾 挂勾 一块 破 铁皮 50 元 材料费 搞 400 元 价 买个 国产 热水器 京东 说 材料费 太 坑人 太 坑人
5122,老房子 没地线 只能 退货
5123,听说 热 水壶 送
5137,没用 评价
5154,外国 企业 死心眼 我家 地漏 说 安 说 签字 自负 责任 不行 想 省点 安装费
5163,安装 师傅 满意 热水器 满意 送货 物流 素质 很差 约 时间 拖 小时 喝 酒 酒气 很大 热水器 放到 楼下 走 投诉 浴巾 弄脏了 售后 发 一条 没理由 好评
5170,昨天 送货 安装 比较顺利 热水器 没用 不错 家里 史密斯 果断 选 牌子 安装 材料费 贵 弯头 十几 二十 公分 管子 300 坑人
5175,安装 安装费 240 自备 角阀 情况 贵
5193,挺不错 爸妈
5200,史密斯 店大欺客 安装 师傅 约 下午 三点 说 点到 点 说 点到 点 说 点到 电话 问 说 点 别来 电话 问 非承重墙 要收 500 块钱 安装费 玩意 气死我了
5204,京东 太坑 小心 买错 型号 更换 做生意 再也不会 京东 购买 东西 越来越 差 客服 服务态度 差 说 不行 不行 不行 做 电商 垃圾 一千多块 钱 东西 浪费 有没有 顾客 着想 说 扣点 钱 帮 换个 合适 型号 不行 买 东西 更换 售后 企业 做 投诉
5208,外地 安装 太 差 史密斯 投诉 完 瞎 要价 米管 没什么 弯头 总算 490 太坑 全国 联保 全国 安装
5234,kokokokokokokokokokokoko
5239,售后 太 黑 总共 收 430 安装费 80 上门 费 口口声声 说 免费 安装 投诉 人来 骂人 心 真心 用不起
5244,安装 材料费 太高
5245,安装费 370 块 大洋 说
5246,安装 人员 实在 太 恐怖 收费 讨价 换件 京东 买 家电 头 遇见 恶心 安装 人员 京东 里
5259,热水器 物流 服务
5266,..........................................
5272,没用 送货 安装 服务态度
5279,aweqeqeqweqwewqeqwe
5281,星期 感觉 暂时 发现
5292,未 安装 .....
5321,感觉 2499 活动 买
5346,东西 真不错 便宜 买时 尺寸 导致 装上 打开 窗户 只能 退货
5377,双十 一买 一个多月
5380,未 拆装 家装 囤货
5408,热水器 上门 安装 一笔 费用 感觉 坑 收 块钱 上门 师傅 列 一堆 清单 签名 确认 安装 不装 郁闷 安装 收费 太贵 满意
5421,双十 一给 家里 买 没装
5431,haohgfhbf3343cxcxdsxc
5451,感觉 热水器 品牌 贵
5476,安装费 贵 四百 自备 安装 材料 收 安装费 每米 六块钱 安装费 安装 管子 每米 八块 费用 说 质保 卖 热水器 卖 管材 不用 史密斯 自来水管 道 有没有 质保
5486,热水器 名牌
5497,装修 囤货 未 开封 未完待续
5499,还行 帮人 买
5541,网购 电视广告 买
5543,大牌
5578,.............................
5582,看着 挺 没用 ao 实力
5583,二个月 ....
5592,双十 一买 送货 慢 理解 无语 放到 电梯 走 态度 不怎么样
5605,又快又好
5618,挺好用 买
5627,东西 确实 物有所值 安装 师傅 特别 一会 装完 厨宝 一共 收 贵
5633,服务 真的
5651,新买 AOSmith 感觉
5668,收费 单子 上门服务 不错 试
5741,60 升 口之家 功能 买 第二次 买 史密斯 热水器 家里 年 n 新增 装修 中 打算 做 异形 吊顶 先 热水器 装上
5783,家里 第一款 热水器 史密斯 搬新家 热水器 想到 史密斯
5787,物有所值 装上 试 ok
5828,物流 热水器
5831,出水 很爽
5858,反正 热水器 样子 电 温度
5872,未 安装
5876,家里 原有 燃气 热水器 装 史密斯 电热水器
5883,质量 送货 收费 贵
5914,退 太 换 秀气
5925,拍夕 送 上楼 快递 态度
5932,几天 热水器 真的
5946,滿意 購物 送貨快 安裝 師傅 熱心 負責
5950,好用
5958,好用 耗电 厉害
5971,qwdfghjkl dfghjkl cv
5994,第二件 亲戚 家里 买 同款
5998,没用
6000,买 第三台 好好 装修 时 忘记 弄 两个 进 出水口 成 难看 画面 办法 机子
6007,感觉 热水器
6032,1913286728 1913286728
6049,热水器
6069,送货 事先 做足 功课 选准 型号 下单 令 失望
6093,温度 掉 勉强 洗 两个
6101,分 分 差评 担心 没想到 烟台 售后 给力 售后 穿 统一 服装 进门 穿鞋 套 安装 先给 做 预算 每一项 耐心 解答 天气 热 小伙子 倒水 喝 说 安装 速度 很快 完 还给 打扫卫生 服务 想 分 难 n 热水器 追评
6102,信
6138,房子 装修
6147,热得 超快 全家人 洗 不用 久
6153,一年 接连 买 史密斯 热水器 贵 东西 真的 挺 好评
6155,安装费 太贵 四百多
6157,单位 买 送货 很快 没用 配件 喷头 不知 实体店
6162,暂时 发现 神 缺点 用后
6174,有待 考验
6183,n 史密斯 贵 点 放心
6189,送货 晚 天才
6208,热水器 不错 只不过 安装费 太贵 热水器 贰仟 六百多 安装费 八百多 实在 贵
6235,品牌 哪好 没用 管子 难看 有点像 垃圾
6236,热水器 送到 态度 打电话 预约 安装 不通 说 送 浴巾 见到 情况
6247,售后 忒 差 天 安装 说 材料 不全 两天 安装 退货
6259,快递 快递
6271,物流 很快 没用 多长时间
6279,安装费 太高 400 五百
6291,上门 安装 服务态度 热水器 说
6294,服务质量 材料费 稍贵 热水器 质量
6296,热水器 忘 照相 接 上线 试 厕所 体积 点
6315,家里 品牌 觉 热水器 史密史
6343,没用 安装费 贵 建议 买 材料
6357,价格比 同事 家买 机械 版 贵 六七百 确实 好看
6371,送货 赶上 雨天 外包装 淋湿 机器 安装 完 没什么 安装 免费 管件 要钱 n 装修 要钱 太 黑 变相 收钱
6376,水热 很快 早 买 50 60 浪费
6389,60 升 很大 款 热水器 标配 混 水阀 家里
6400,加热 时到 54 度 不到 10 分钟 安装 收费 500 多块
6421,评价 太 麻烦 不错
6435,热得快 便宜
6436,还好 刚买 送券
6438,几天 感觉
6443,管子 贵 费电 加热 保温
6452,還沒有
6455,想 放到 楼下 条件 只好 放进 楼上 卫生间 里 不错
6469,安装工人 认真负责
6490,服务到位
6496,热水器 史密斯 牌子
6525,东西 不错 安装费 太贵 足足 花 三百 八块 后悔 死 不用 料 保修 典型 强制 销售
6530,没花 洒 滑水 划
6533,热水器 坑 配件 价钱 找人 安装 装 几条 水管 500
6534,加热 很快 家里 水压 出水量 我妈 说 不爽 用电 比用 煤气 省 下个月 电费 单才
6560,买 降 说 送 礼品 问 却说 送 完
6564,家里 热水器 新买 装 两天 装 送货 态度 实在 太 恶劣 送来 赠品 包装 坏 问 坏 说 拉走 MD 态度
6565,买 完 降价 心痛 价补
6569,装上 高效率
6575,几天 感觉 第一次 热水器 原因 心中 想得 好像 耗电 电热水器 水压 自来水 水压
6576,包装带 弄坏 退
6582,怎么回事 开 热水器 烧焦 味道 水 感觉
6583,我见 牛 逼 公司 约 两天 装 两个 下午 不来 装 退货 说 不行 真实 后悔 第一次 买 耍
6584,.....................
6585,太好了 真的 太好了
6605,想 洗 洗 一洗
6606,失望 热水 持续时间 短 洗着 洗 冷 温度 掉 厉害
6651,安上 没用
6652,号 凌晨 买 降价 500
6674,史密斯 热水器 可以信赖
6687,提前 买 没用 厕所 贴 砖 挂
6703,挺大 安装 师傅 专业 管子 走 挺 没用
6707,挺 配件 贵 几个 弯头 几段 水管 加 一对 挂钩 200 外面 五金店 50
6708,热水器 想要 双十 终于
6753,高大 热水器 功能强大 天天
6756,我会 买
6757,发货 物流 说 电子 发票 不太
6784,Zaaaa
6797,电热水器 史密斯
6857,好用 ................
6922,师傅 规矩 送货
6926,热水 速度 占 地方
6936,热水器 很漂亮 安装 师傅
6940,热水器 温度 稳定
6965,热水器 共买
6976,晒 单有 水壶 希望 食言
6995,放不下 刚刚 有个 用用 冲下澡
7006,服务态度
7008,热水器 装上 师傅 态度 收费 功能
7024,快递 太快 史密斯 补评
7025,刚装
7027,史密斯 电热水器 肯定
7042,超级 网上 专卖店 型号 不太 好用
7049,家里 热水器 换 加热 较慢 洗完 半天 第二个 人才 洗 丝毫 影响 加热
7058,东西 送货 太慢 说好 上午 小时 小时 拖
7065,史密斯 热水器 好用
7069,安装费 太高 ....
7073,未 安装 装修
7087,晚 下手 小时 涨 300
7090,原本 想安 燃气 热水器 条件 具备 该装 电热水器 打算 放在 阳台 安装 师傅 说 只能 安在 浴室 提个醒
7092,安装费 贵 350 安装 单子 写 有用 单子 写 天书 ............. 质量 安装 真心 坑
7094,安装费 415 太黑 太 夸张
7105,广告 说
7108,热水器 热水 速度 很快
7111,喜欢 品牌 选择 后悔 送货 师傅 小时 郁闷
7115,好大 一件 服务质量
7134,装 没用 过后 评价
7142,正口 热水器 物流 我家 邮到 朋友家
7144,还好 还好 还好 还好 还好 还好
7186,只能 说 凑合 n 无语
7187,两千 安装 真 cd 约 不来 一会 说 半小时 一会 说 小时 没来 晚上 说 点 40 说 点半 安装 c 安装 点 40 玩意
7189,库里 放 太久 库里 发过 水 外包装 湿透 弄 说明书 水里 泡 潮湿 环境 中 机子 有没有 影响 失败 购物 经历 库存 很久 货物
7207,热水器 不错 安装工人 素质 太低 提供 配件 畜生 遥控 偷走 垃圾 售后服务 很差 上当
7242,确认 收货 晚
7252,好用 无话可说
7254,没用 买回来 上楼 再用
7257,装修 囤货 未 安装
7262,送货 人员 态度 感觉 小时 小时 不来 送 货 本来 心情 挺 搅和 憋 一肚子火 京东 算是 公司 服务 公司
7270,80 升 尺寸 稍大 一点 办法 只能 退 换 60 升 正好
7277,昨天 刚装 没用 自备 角阀 材料费 224 材料费 太坑
7294,刚刚 到家
7300,热水器 挺
7305,第一次 牌子 热水器 感觉
7308,热水器 水热 很快
7313,感觉 不错 没用
7315,天气 变冷 热水器 水量
7348,还行 还行 还行
7360,行 三人 冬天 差点
7378,外地 房子
7382,售后服务 真的
7398,牌子 热水器 用得久
7406,实体店 便宜 没用 史密斯
7413,装修 没完 未 安装 但用 史密斯 牌子 热水器
7414,没装 感觉
7443,家里 第二次 买 这款 半胆速 热 功能
7448,质量 热得快
7452,质量 热得快 质量 热得快
7461,买 隔天 装 箱子 底部 破 还好 东西 没坏 安装 师傅 专业 安装费 253 块 Ｊ d 脑残 电子 发票 隔 几天 打印
7482,为啥 10 字 数数 够
7483,第一次 送过来 坏 n 提交 京东 第二天 做 退换货 n 浪费 天 时间
7488,昨天 刚装 体会 买 时 80 升 机械 还好
7508,行 外省
7529,第二次 买 一如既往
7549,满意 购物 满意 换货 送货 取货 还收 费用 特别 退 热水器 款 半个 未 账
7554,热水器 送货 挺快
7566,水压 启动 热水器
7586,没用
7589,东西 家里 好几 台 必用
7590,asgfsdfhadrhwhswerh
7604,装上
7605,太大
7610,帮别人 单子 东西
7612,几天 字
7616,送货 晚到 天 安装 师傅 打开 包装 发现 边上 10 公分 装瘪 说装 装上 换 拆装 费用 算 时间 误工 算 只能 自认倒霉
7626,东西 不错 安装费 贵 不算 角阀 350 倒 挺 正规 行业 安装费 赚钱 鄙视 情况 开 孔 说 不用 开 开 职业 水平 鄙视
7636,热水器 看着 不赖 帮 单位 老板 买 接地线 师傅 装好 卸下来 再三 叮嘱 负责
7647,没用 安装 坑 我家 盘龙城 客服 说 我家 武汉市 说 加收 30 块钱 真不知道
7649,送人
7651,GOOOOOOOOOOOOOOOOOOOOOOOOOD
7664,服务 热水器 好用 还会 gou mai
7665,挺好用
7672,依旧会 洗 一半 水 加热 速度 蛮快
7674,行 行 行
7685,热水器 只认 史密斯 买 第四 台
7687,热水器 安装 评价 赠品 太差 不送 不像 介绍 说 高端 大气 上档次 浴巾 包装 塑料袋 破 白色 毛巾 脏 一塌糊涂 太 差 习惯 好评 忍
7690,10 15 日买 元 价格 11 元 京东 太 坑人 赔 差价 安装 糟糕 打开 箱子 机器 支架 购买 材料费 付 372 元 安装 师傅 选择 薄墙 安装 费 材料 墙 薄 怀疑 支撑 发现 安装 师傅 墙上 打洞 我家 墙 打通 我家 厨房 间 橱柜 木板 打通 选择 堵墙 安装 安 气愤 气愤 买个 机器 搞 一肚子气 满意
7694,..........................
7695,80 升 热水器 好用
7707,免费 安装 管子 肯定 不能自己 买 装 量尺寸 收费
7713,安装 材料费 加 贵
7717,第一次 差评 早买 几天 热 水壶 送 这是 营销 模式 花 钱 买 东西 相差 时间 长 几天 送
7719,一款 产品 想 洗 洗
7728,冬天 两个 人洗 绰绰有余 温度 显示 摸不着头脑 七十 跳 三四十 度 水 冷 冷
7747,热水器 加热 效率 高
7780,功能 好好 机械 易 修理 担心 维修 喜欢 插头 防 漏电 D 发热
7801,够 安装 人员 服务态度 安装 材料费 贵
7806,热水器 出水 稳定
7807,在家 白等 无数个 电话 真无语 影响 心情
7811,好用
7836,买
7870,双十 一买 不到 5000
7874,物有所值 物有所值 物有所值
7880,热水器 烧 开水 喝
7889,好值 值值 值值 值值 值值 值值
7907,不錯 挺好用
7919,还好 感觉 洗 温度 掉 用花 洒
7921,热水器 一下子 买 三台 好用 买 七台
7925,装修 备货 用过 买 安装 差
7926,用过 装修 新买
7927,想 买 东西 在乎 售后 感觉 史密斯 服务态度 代表 售后 错
7939,师傅 安装 热水器
7942,热水器 真的 挺不错 多久 希望 广告 所说
7970,很大 气 货运 蛮快
7979,送货 速度 安装 效率高 工作人员 态度 问 答 脑子
8019,热水器 水温 稳定
8028,热水器 买 不爱来 安装 拖
8048,装修 新房子 买 装好 很漂亮 售后 真的 现场 教
8053,送货 家里 油漆 拆开 n
8065,热水器
8067,很赞 热水器
8068,东西 洗 洗 半个世纪
8074,数字 显示 稳定 安装 费用 好贵
8122,没用 装修 追平
8167,热水器
8180,储量 够 三个 洗澡 嘻嘻 n 入 冷水 管和出 热水管 标明
8183,新房 装上 没用 补
8200,买 多月 没用过
8256,先平
8261,机器 工作人员 辛苦
8286,买 史密斯 热水器 贵 点
8313,太大 太 占 空间
8326,售后 客服 安装 收费 贵
8333,感觉 样子
8348,好像 生手 装 两个 腿 长 难看 郁闷死
8351,上门 安装 挺快 安装费 贵 点
8352,安装 没用
8367,买 热水器 原因 点 牌子 用电 峰谷 定时 打折 送货 迟 晒 单迟 返券
8372,电老虎 安装费 太高
8375,热水器 牌子
8388,帮 同事 买 帮 同事 买
8410,.......................
8416,东西 求 分 东西 求 分
8434,新房子 装修 看有 做 活动 买 囤货 中 买 80 升 两千 八百多
8446,没用 阿好
8449,优点 加热 速度 很快 功能 定时 功能 摸索 n n 缺点 太 耗电 口之家 关 机器 显示 电量 平均 度 天 没人 干脆 关掉 n
8454,妈妈 超级 喜欢 安装费 花 800 抢钱 投诉 没用
8458,挺 一段时间 烧 煤气 省
8462,史密斯 热水器 50 升 换 80 升 个头 不小 收 200 支架 钱
8463,安装费 太高 燃油费 弄 170
8471,没用 感觉 不错
8473,sdsdsdsdsdsdsdsdwwdwdddsd
8487,热水器 够 安装费 太贵
8502,收费 太贵 三百多
8510,挺 n
8524,半胆 加热 水温 经常出现 忽冷忽热
8535,电量 费点
8546,ㄧ 感觉 很棒 当初 安装 材料费 貴
8547,够用
8550,安装 材料费 太贵
8551,走管 太烂 逼得 走管
8556,热水器 断电 记忆 功能 断电 时间 恢复 12 点 时间 设置 没用 设定 晚上 点到 11 点烧 热水 小心 断电 人为 关闭 电 自动 定时 恒温 功能 只能 热水器 当成 热水器 花大 价钱 买 地摊货
8557,漏电 几次 修 不好 查不出
8570,热水器 浴巾 收到 差 刀具 延保卡
8583,物超所值
8588,恍恍惚惚 经济界 斤斤计较
8594,几年 前 第一次 购买 不错 质量 出过 老家 父母 房子 装修 买 史密斯 80L 电热水器 感觉 特 换 一套 复式 房子 打算 楼下 燃气 热水器 供水 燃气 供水 速度 楼上 电热水器 供水 坚信 国外品牌 品质
8619,装修 装修 屯货
8647,热水器 老牌子
8661,热水器 安装 师傅
8678,热水器 买 史密斯 专业 热 保温 省 电
8680,冬天 冷水 太冷 烧到 75 度 只能 洗 半个 小时 80L 冬天 老人 洗澡 压力
8698,全 隐蔽 装修 特地 选了 这款 实际操作 年 不见 液晶显示 只能 遥控器 地面 操作 看似 遥控器 不起作用 水温 变化 原先 装上去 时 低峰 加热 模式
8713,机子 买 合适 太棒了
8748,快递 飞快 送货 飞快
8756,没用 贵 不错
8782,zZZZZZZZZZZZZZZZZZZZZZZ
8792,很棒 水 泡澡 够 牌子
8807,好用
8811,史密斯 热水器 小时候 接触 牌子 热水器 根深蒂固 热水器 只认 史密斯 选择 第二家
8813,晒单 形式 史密斯 用不着 晒 n 热 水壶 俗套 一会
8814,好用 棒棒 嗒
8834,方便快捷 方便快捷 方便快捷
8853,好像 不像 说 80 升能 三个 冲凉 用水 费
8864,热水器 水热 很快 n
8868,史密斯 热水器 好用 热水 很快 水温 比较稳定
8876,先装
8878,装好 家装
8879,热水器 安装
8882,安装 确实 很大 送货 师傅 说 家里 5060 够
8897,真够
8899,好用
8931,水量 速热 功能 10 分钟 洗 第二天 热水
8939,东西 安装 师傅 材料费 贵 花 四百 材料费
8975,热水器 很漂亮 加热 省 电
8977,AO 史密斯 热水器 加热 价格比 贵
8985,史密斯 热水器 这套 房子 80L 全家 够
8996,史密斯 热水器 家里 60 升 10 多年 新房 装修 买 80 升 担心 燃气 热水器 安全性 用电 心安 家里 拔电 耗电量 感觉 不高
9013,送货 师傅 负责 扛 楼上
9023,送货 安装 业 没用 到市 准假
9024,物流 不给力 态度 不好
9049,头 下单 第二天 送到 感觉
9052,哈哈哈哈 哈哈哈哈
9056,贴 瓷砖 先晒个
9057,退货 态度
9062,坑 东西 降价 太快 便宜 400 亏死 啊啊啊
9063,功率 全开 3000W 幸亏 厕所 平方 线
9080,kkkkkkkkkkkkkkkkkkkkkkkkkkkkkkkkkkkkkkkk
9085,安装 配件 太贵 弓 女干 市面上 100 多元 配件 要收 300 元多 说 公司 提供 配件 保修 太 气愤
9087,安裝師 傅人 超好 感謝
9114,热水器 家里 10 安 电源 要换 16 安 算 满意 没查 电表 耗电
9123,史密斯 热水器 一如既往 真不错
9130,东西 没用 支架 遥控器 连线 显示屏
9162,热水器 很棒
9164,安装工 垃圾 打电话 第一句 话 说 材料 收费 说 电线 买好 一百个 我家 一看 找 理由 装 说 水电 接到 热水器 旁边 安装 转身 走 爸 两个 装 垃圾 安装工 赚 不到 外快 不装
9175,回老家 运输
9176,快递 差点 送到 楼下 弄
9179,几天 物有所值
9210,热水器 没收 给我发 短信 说 商品 签收 收 无语 中
9213,不好 费电
9214,开箱 检查 买 台 未 开箱 回去 开箱 发现 热水器 说明书 一共 少 四样 东西 售后 已好 几天 无人 问事
9218,品牌 广告 吹得 买 机器 当天 售后服务 人员 现场 态度 恶劣 投诉 电话 负责 投诉 接待 人员 态度 嚣张
9222,说好 买
9237,热水器 没得说 安装费 太贵 距离 收 五百 大洋 塑料 管子 朋友家 按装 金属管 贵
9264,号 实在 太
9278,赶上 搞 活动 自我感觉 便宜 实体店 型号 不太 安装 师傅 负责
9282,房子 装修 试 不到 机 只能 功率 试下 总体 不错
9295,送货 态度 史密斯 安装 人员 负责 装 热水器 负责 电路 找人
9340,先不说 热水器 咋样 单说 服务态度 超好 超好
9361,家里 史密斯 热水器 不错 热水器 那台 好几年 买 一台
9367,刚装 没用 没象 说 配件 高 离谱
9388,好用
9392,挺不错
9411,热水器 售后 安装
9415,店里 款
9424,没用 牌子
9443,一段时间 很棒 半桶 速热 不到 分钟 一家 四口 够用
9446,按装 再评
9485,使用方便
9489,安装 真 费劲 买件 买 来回 折腾 好几遍
9495,一款 机子
9537,性价 不高 活动 时买
9546,安装 前 说 买 要收 200 块 听 火大 投诉 说 收 钱 还好 安装 顺利
9572,性价比 高 一款 热水器
9573,郁闷 下单 搞 活动
9584,热水器 基本功 浴巾 像是 以个 大黑 手印 很脏
9589,角阀 材料 一分钱 没收 看着 不错 没用
9595,未 不错
9598,安装 材料费 收 270 坑
9601,还好
9608,好用
9621,快递 力 热水器
9625,SSSSSSSSSSSSSSSSSSSSSSSSSSS
9643,家庭 买 50l 前天 入宅 客人 洗澡 够 两人用 想起 速热 功能 热
9644,听 品牌 亲戚 介绍 说 牌子 电热水器 家庭 买 50l 两个 厕所 共用 前天 入宅 客人 洗澡 够 两人用 想起 速热 功能 热
9647,质量 加热 分全 胆速 热 半胆速 热 10 分钟 烧
9667,一般般
9686,安装 300 安装费 感觉 安装费 贵
9689,麻烦 填写 10 500 字
9690,送货 麻烦 还好
9693,没用过 感觉 行
9694,名节 不保 攻击 攻击 附加费 公司 公司 发生 gg 大锅饭
9695,热水器 好用 小区 集中供热 安装费 小贵 热水器 水管 直线 1.5 米 距离 阀门 三通 水管 材料 收 500 块 发货 安装 碰到 周折
9699,垃圾 服务 超级 到位 第三方 货 送到 表面 大坑 送货 师傅 申请 换 厂家 证明 换 真的 气死 再也 不选 家
9700,热水器 说 好用 冲着 牌子 n 安装 买好 花洒 完后 想 找 安 一大堆 理由 安 郁闷 差评
